{
  "XGBoost": {
    "train_time": 0.6432240009307861,
    "train_metrics": {
      "mse": 0.1670827261443046,
      "rmse": 0.4087575395565256,
      "mae": 0.290700511066856,
      "r2": 0.8496558139928867
    },
    "val_metrics": {
      "mse": 0.23073509945231158,
      "rmse": 0.4803489351006324,
      "mae": 0.32879363526582106,
      "r2": 0.8017801405239091
    },
    "test_metrics": {
      "mse": 1.4562373658286794,
      "rmse": 1.2067466038189953,
      "mae": 0.8272641382667573,
      "r2": -0.39423826531969053
    },
    "feature_count": 32,
    "train_samples": 70515,
    "val_samples": 17629,
    "test_samples": 132216
  },
  "RandomForest": {
    "train_time": 17.364930629730225,
    "train_metrics": {
      "mse": 0.7213470234515864,
      "rmse": 0.8493215077057606,
      "mae": 0.5731893327626794,
      "r2": 0.35091835300905183
    },
    "val_metrics": {
      "mse": 0.7829691551229238,
      "rmse": 0.884855443065659,
      "mae": 0.591335475434143,
      "r2": 0.3273670270757555
    },
    "test_metrics": {
      "mse": 1.2243707546269864,
      "rmse": 1.1065128804614008,
      "mae": 0.738357331538871,
      "r2": -0.17224334239485484
    },
    "feature_count": 32,
    "train_samples": 70515,
    "val_samples": 17629,
    "test_samples": 132216
  },
  "Ridge": {
    "train_time": 0.027523517608642578,
    "train_metrics": {
      "mse": 1.0769089685355613,
      "rmse": 1.0377422457120848,
      "mae": 0.6935817226419664,
      "r2": 0.03097701351602067
    },
    "val_metrics": {
      "mse": 1.1283687319499025,
      "rmse": 1.0622470202122962,
      "mae": 0.7070151647559186,
      "r2": 0.0306412331057081
    },
    "test_metrics": {
      "mse": 1.0653816410907027,
      "rmse": 1.0321732611779393,
      "mae": 0.6951775586116838,
      "r2": -0.02002316794863601
    },
    "feature_count": 32,
    "train_samples": 70515,
    "val_samples": 17629,
    "test_samples": 132216
  },
  "Lasso": {
    "train_time": 0.08927178382873535,
    "train_metrics": {
      "mse": 1.1113348017089226,
      "rmse": 1.0541986538166905,
      "mae": 0.7006615592460703,
      "r2": 0.0
    },
    "val_metrics": {
      "mse": 1.1641397458507379,
      "rmse": 1.0789530786140507,
      "mae": 0.7139068992823596,
      "r2": -8.8921801678854e-05
    },
    "test_metrics": {
      "mse": 1.0446858312371943,
      "rmse": 1.0220987384970173,
      "mae": 0.6776852933366545,
      "r2": -0.00020847928136524807
    },
    "feature_count": 32,
    "train_samples": 70515,
    "val_samples": 17629,
    "test_samples": 132216
  },
  "LinearRegression": {
    "train_time": 0.11942744255065918,
    "train_metrics": {
      "mse": 1.0769022788534404,
      "rmse": 1.0377390225164709,
      "mae": 0.6936675596558336,
      "r2": 0.030983033018074035
    },
    "val_metrics": {
      "mse": 1.1283704907836254,
      "rmse": 1.0622478480955495,
      "mae": 0.7071025040032708,
      "r2": 0.030639722127212887
    },
    "test_metrics": {
      "mse": 1.0657829532254726,
      "rmse": 1.0323676444103973,
      "mae": 0.6954375413509398,
      "r2": -0.02040739427585625
    },
    "feature_count": 32,
    "train_samples": 70515,
    "val_samples": 17629,
    "test_samples": 132216
  }
}